category_id,product_id
382,4
391,4
433,4
381,10
412,10
467,10
382,11
418,11
447,11
384,12
398,12
450,12
381,13
412,13
467,13
381,14
412,14
467,14
384,15
398,15
450,15
381,16
412,16
467,16
381,17
412,17
467,17
384,18
398,18
450,18
381,19
412,19
467,19
381,20
412,20
467,20
384,21
398,21
450,21
381,22
412,22
467,22
384,23
398,23
450,23
381,24
412,24
467,24
381,25
412,25
467,25
381,26
412,26
467,26
381,27
412,27
467,27
381,28
412,28
467,28
384,29
398,29
450,29
384,30
398,30
450,30
384,31
398,31
450,31
381,32
412,32
471,32
384,33
398,33
450,33
384,34
398,34
450,34
384,35
398,35
450,35
384,37
398,37
450,37
381,38
412,38
467,38
384,39
398,39
450,39
384,40
398,40
450,40
381,41
412,41
467,41
381,42
412,42
470,42
384,43
398,43
384,45
398,45
384,46
398,46
384,47
398,47
384,48
398,48
384,49
400,49
381,50
412,50
467,50
384,51
400,51
384,52
400,52
381,53
412,53
467,53
384,54
400,54
381,55
412,55
468,55
384,56
400,56
381,57
412,57
468,57
381,58
412,58
468,58
384,59
398,59
384,60
398,60
384,61
398,61
384,62
398,62
402,63
381,64
414,64
478,64
384,65
398,65
381,66
414,66
478,66
381,67
414,67
478,67
381,68
414,68
478,68
384,69
398,69
402,70
381,71
414,71
478,71
384,72
398,72
381,73
414,73
478,73
384,74
398,74
402,75
381,76
414,76
478,76
381,77
414,77
478,77
402,78
381,79
414,79
478,79
381,80
414,80
472,80
384,81
398,81
384,82
398,82
384,83
398,83
384,84
398,84
384,85
398,85
384,86
398,86
384,87
398,87
384,88
398,88
384,89
402,89
384,90
402,90
384,91
402,91
384,92
402,92
384,93
402,93
384,94
402,94
384,95
402,95
384,96
402,96
384,97
402,97
384,98
402,98
382,99
391,99
433,99
384,100
402,100
382,101
391,101
433,101
384,102
402,102
382,103
391,103
433,103
382,104
391,104
433,104
384,105
402,105
384,106
402,106
382,107
391,107
433,107
382,108
391,108
433,108
384,109
402,109
382,110
391,110
433,110
384,111
402,111
384,112
402,112
382,113
391,113
433,113
384,114
402,114
382,115
391,115
433,115
382,116
391,116
433,116
384,117
402,117
382,118
391,118
433,118
384,119
402,119
382,120
391,120
433,120
384,121
402,121
384,122
402,122
382,123
391,123
433,123
384,124
402,124
384,125
402,125
382,126
391,126
433,126
384,127
402,127
382,128
391,128
433,128
384,129
402,129
384,130
402,130
382,131
391,131
433,131
382,132
391,132
433,132
382,133
391,133
433,133
382,134
391,134
433,134
382,135
391,135
433,135
382,136
391,136
433,136
382,137
391,137
433,137
382,138
391,138
433,138
382,139
391,139
433,139
382,140
391,140
433,140
382,141
391,141
433,141
382,142
391,142
433,142
382,143
391,143
433,143
382,144
417,144
444,144
382,145
417,145
444,145
382,146
417,146
444,146
402,147
402,148
402,149
384,150
401,150
456,150
384,151
401,151
456,151
384,152
401,152
456,152
384,153
401,153
456,153
384,154
401,154
456,154
384,155
401,155
456,155
384,156
401,156
456,156
381,157
412,157
468,157
381,158
412,158
468,158
381,159
412,159
468,159
381,160
468,160
381,161
468,161
398,162
381,163
467,163
381,164
412,164
480,164
382,165
393,165
479,165
381,166
412,166
468,166
385,167
406,167
465,167
385,168
406,168
465,168
381,169
412,169
481,169
385,170
406,170
465,170
381,171
412,171
482,171
381,172
412,172
381,173
412,173
384,174
392,174
384,175
394,175
385,176
405,176
464,176
384,177
393,177
439,177
385,178
405,178
464,178
385,179
405,179
464,179
384,180
398,180
384,181
393,181
439,181
384,182
392,182
385,183
405,183
464,183
381,184
412,184
469,184
381,185
412,185
385,186
405,186
464,186
385,187
405,187
464,187
381,188
412,188
382,189
393,189
479,189
381,190
412,190
468,190
381,191
412,191
481,191
382,192
393,192
479,192
381,193
412,193
469,193
382,194
393,194
479,194
381,195
412,195
480,195
381,196
412,196
468,196
381,197
412,197
468,197
384,198
398,198
449,198
384,199
398,199
449,199
384,200
398,200
449,200
384,201
398,201
449,201
384,202
400,202
383,203
397,203
394,204
483,204
382,205
394,205
483,205
382,206
394,206
484,206
381,207
411,207
487,207
381,208
411,208
487,208
381,209
411,209
487,209
381,210
411,210
487,210
381,211
411,211
487,211
381,212
411,212
487,212
385,213
403,213
460,213
385,214
489,214
385,215
403,215
460,215
385,216
489,216
385,217
403,217
460,217
385,218
489,218
382,219
385,220
403,220
460,220
382,221
382,222
382,223
381,224
414,224
488,224
384,225
398,225
449,225
384,226
398,226
449,226
383,227
396,227
383,228
396,228
384,229
401,229
456,229
383,230
396,230
384,231
401,231
456,231
384,232
401,232
456,232
384,233
401,233
456,233
382,234
392,234
437,234
382,235
392,235
437,235
382,236
392,236
437,236
382,237
392,237
437,237
382,238
392,238
437,238
384,239
401,239
456,239
385,240
405,240
464,240
385,241
405,241
464,241
385,242
405,242
464,242
382,243
392,243
436,243
382,244
392,244
436,244
381,245
414,245
488,245
381,246
414,246
488,246
381,247
414,247
488,247
381,248
414,248
488,248
381,249
414,249
488,249
381,250
414,250
488,250
381,251
414,251
488,251
381,252
414,252
488,252
381,253
414,253
488,253
381,254
414,254
488,254
382,255
392,255
436,255
384,256
398,256
449,256
384,257
398,257
449,257
384,258
398,258
449,258
384,259
398,259
449,259
384,260
398,260
449,260
384,261
398,261
449,261
384,262
398,262
449,262
381,263
410,263
503,263
381,264
410,264
503,264
381,265
410,265
503,265
381,266
410,266
503,266
384,267
536,267
384,268
384,269
535,269
384,270
574,270
381,271
411,271
485,271
381,272
411,272
485,272
384,273
401,273
457,273
384,274
401,274
457,274
384,275
401,275
457,275
401,276
457,276
401,277
457,277
401,278
457,278
382,279
391,279
433,279
382,280
391,280
433,280
381,281
411,281
485,281
381,282
411,282
485,282
381,283
411,283
485,283
382,284
391,284
433,284
382,285
391,285
433,285
402,286
382,287
391,287
433,287
382,288
391,288
433,288
382,289
391,289
433,289
381,290
411,290
485,290
381,291
411,291
485,291
381,292
411,292
485,292
382,293
391,293
433,293
382,294
391,294
433,294
381,295
412,295
467,295
381,296
411,296
485,296
381,297
411,297
485,297
381,298
411,298
485,298
391,299
433,299
382,300
391,300
433,300
382,301
391,301
433,301
385,302
403,302
459,302
381,303
411,303
485,303
381,304
411,304
485,304
381,305
411,305
485,305
382,306
391,306
433,306
385,307
403,307
459,307
382,308
391,308
433,308
381,309
411,309
485,309
385,310
406,310
465,310
381,311
411,311
486,311
381,312
411,312
486,312
381,313
411,313
486,313
381,314
411,314
486,314
381,315
411,315
486,315
381,316
411,316
486,316
382,317
391,317
433,317
382,318
391,318
433,318
382,319
391,319
433,319
381,320
413,320
515,320
382,321
391,321
434,321
382,322
391,322
434,322
381,323
412,323
382,324
391,324
434,324
384,325
398,325
384,326
401,326
382,327
392,327
436,327
382,328
392,328
436,328
382,329
392,329
436,329
382,330
392,330
436,330
383,331
396,331
383,332
396,332
383,333
396,333
381,334
411,334
385,335
403,335
459,335
385,336
403,336
459,336
385,337
403,337
461,337
384,338
398,338
449,338
382,339
383,339
391,339
433,339
571,339
382,340
391,340
433,340
382,341
391,341
433,341
382,342
393,342
439,342
382,343
393,343
517,343
381,344
414,344
475,344
382,345
392,345
436,345
382,346
392,346
436,346
382,347
392,347
436,347
381,348
414,348
473,348
381,349
414,349
478,349
384,350
398,350
384,351
400,351
518,351
384,352
401,352
457,352
381,353
413,353
520,353
381,354
413,354
521,354
381,355
414,355
478,355
381,356
414,356
478,356
385,357
522,357
381,358
414,358
478,358
384,359
400,359
454,359
384,360
400,360
454,360
381,361
413,361
520,361
385,362
522,362
381,363
414,363
478,363
381,364
414,364
478,364
381,365
414,365
478,365
381,366
413,366
521,366
384,367
400,367
455,367
384,368
400,368
455,368
382,369
395,369
583,369
382,370
391,370
433,370
384,371
400,371
518,371
382,372
383,372
391,372
433,372
571,372
384,373
400,373
518,373
384,374
400,374
518,374
384,375
400,375
518,375
382,376
394,376
441,376
382,377
392,377
523,377
382,378
394,378
441,378
382,379
391,379
433,379
385,380
403,380
385,381
403,381
385,382
403,382
385,383
403,383
385,384
403,384
385,385
403,385
385,386
404,386
462,386
385,387
404,387
462,387
385,388
404,388
462,388
385,389
404,389
462,389
385,390
403,390
460,390
385,391
403,391
460,391
385,392
403,392
460,392
385,393
403,393
460,393
385,395
403,395
460,395
385,396
403,396
460,396
385,397
403,397
460,397
385,398
403,398
460,398
385,399
403,399
460,399
384,400
400,400
524,400
385,401
403,401
460,401
385,402
403,402
460,402
385,403
403,403
460,403
384,404
400,404
524,404
384,405
400,405
524,405
384,406
400,406
525,406
384,407
400,407
525,407
382,408
391,408
433,408
382,409
391,409
433,409
382,410
391,410
433,410
384,411
400,411
529,411
382,412
394,412
442,412
382,413
394,413
442,413
384,414
400,414
529,414
382,415
391,415
433,415
384,416
400,416
529,416
382,417
394,417
442,417
382,418
394,418
442,418
382,419
394,419
442,419
384,420
400,420
531,420
384,421
400,421
532,421
384,422
400,422
532,422
381,423
408,423
384,424
402,424
381,425
408,425
381,426
408,426
381,427
408,427
381,428
408,428
385,429
403,429
459,429
381,430
408,430
385,431
407,431
384,432
400,432
533,432
382,433
392,433
438,433
384,434
400,434
533,434
382,435
383,435
391,435
433,435
571,435
382,436
392,436
438,436
382,437
392,437
438,437
382,438
392,438
438,438
384,439
400,439
534,439
382,440
392,440
438,440
382,441
391,441
433,441
384,442
400,442
534,442
384,443
400,443
535,443
382,444
392,444
438,444
382,445
392,445
438,445
384,446
400,446
535,446
382,447
394,447
441,447
382,448
383,448
391,448
433,448
571,448
384,449
400,449
536,449
382,450
391,450
433,450
384,451
400,451
536,451
384,452
400,452
536,452
382,453
392,453
438,453
382,454
383,454
391,454
433,454
571,454
384,455
400,455
537,455
382,456
394,456
441,456
382,457
391,457
433,457
382,458
394,458
441,458
384,459
400,459
537,459
384,460
400,460
537,460
382,461
391,461
433,461
384,462
400,462
537,462
382,463
391,463
435,463
382,464
391,464
435,464
382,465
391,465
435,465
382,466
392,466
436,466
384,467
400,467
537,467
381,468
412,468
468,468
382,469
383,469
394,469
441,469
381,470
412,470
468,470
384,471
400,471
530,471
540,471
384,472
400,472
530,472
540,472
382,473
391,473
434,473
384,474
400,474
530,474
540,474
384,475
400,475
530,475
540,475
382,476
392,476
417,476
384,477
400,477
530,477
541,477
384,478
400,478
530,478
542,478
384,479
399,479
453,479
382,480
393,480
517,480
385,481
403,481
459,481
382,482
391,482
385,483
522,483
385,484
522,484
385,485
522,485
382,486
391,486
402,487
402,488
402,489
382,490
392,490
437,490
381,491
414,491
474,491
382,492
394,492
483,492
382,493
394,493
483,493
381,494
414,494
477,494
381,495
414,495
477,495
381,497
414,497
478,497
381,498
414,498
478,498
382,499
392,499
436,499
382,500
392,500
436,500
382,501
392,501
436,501
381,502
414,502
478,502
382,503
391,503
433,503
382,504
391,504
433,504
381,505
414,505
478,505
394,506
442,506
384,507
545,507
546,507
382,508
391,508
433,508
571,508
384,509
545,509
546,509
383,510
396,510
383,511
396,511
384,512
545,512
546,512
382,513
391,513
433,513
384,514
545,514
546,514
384,515
545,515
546,515
382,516
395,516
443,516
382,517
391,517
433,517
382,518
394,518
442,518
384,519
545,519
546,519
382,520
391,520
433,520
571,520
384,521
545,521
546,521
381,522
388,522
384,523
545,523
546,523
384,524
545,524
546,524
381,525
388,525
381,526
388,526
384,527
545,527
546,527
381,528
388,528
384,529
545,529
546,529
381,531
409,531
384,532
545,532
546,532
381,534
388,534
384,535
545,535
546,535
381,536
388,536
384,537
545,537
546,537
381,538
388,538
384,539
545,539
546,539
381,540
388,540
384,541
545,541
546,541
381,542
388,542
384,543
545,543
546,543
384,544
545,544
546,544
385,545
403,545
461,545
381,546
388,546
385,547
403,547
461,547
384,548
545,548
546,548
384,549
545,549
547,549
381,550
388,550
384,551
545,551
548,551
381,552
414,552
476,552
381,553
388,553
384,554
400,554
531,554
381,555
409,555
384,556
400,556
524,556
384,557
545,557
549,557
381,558
388,558
384,559
545,559
549,559
381,560
388,560
384,561
545,561
549,561
384,562
545,562
549,562
384,563
545,563
549,563
384,564
545,564
549,564
384,565
545,565
549,565
381,566
415,566
492,566
381,567
388,567
384,568
545,568
549,568
381,569
415,569
492,569
381,570
415,570
492,570
381,571
415,571
492,571
381,572
388,572
384,573
545,573
549,573
384,574
545,574
549,574
384,575
545,575
549,575
384,576
545,576
549,576
381,577
415,577
492,577
382,578
392,578
437,578
384,579
545,579
549,579
382,580
392,580
437,580
384,581
545,581
549,581
385,582
403,582
459,582
384,583
545,583
549,583
413,584
384,585
545,585
549,585
413,586
385,587
403,587
461,587
382,588
391,588
434,588
381,589
415,589
492,589
381,590
415,590
490,590
381,591
415,591
490,591
381,592
415,592
490,592
381,593
413,593
526,593
384,594
401,594
457,594
384,595
401,595
457,595
384,596
401,596
457,596
384,597
402,597
381,598
412,598
550,598
381,599
412,599
550,599
381,600
412,600
550,600
381,601
412,601
550,601
384,602
400,602
531,602
385,603
406,603
465,603
384,604
400,604
529,604
384,605
400,605
529,605
384,606
400,606
535,606
384,607
400,607
531,607
384,608
400,608
533,608
384,609
400,609
533,609
384,610
400,610
534,610
384,611
400,611
537,611
384,612
400,612
551,612
384,613
400,613
551,613
384,614
400,614
518,614
384,615
402,615
384,616
402,616
385,617
406,617
465,617
384,618
402,618
384,619
402,619
384,620
402,620
382,621
417,621
444,621
382,622
417,622
444,622
382,623
394,623
441,623
382,624
392,624
436,624
382,625
392,625
436,625
382,626
392,626
436,626
382,627
392,627
436,627
382,628
392,628
436,628
382,629
392,629
436,629
382,630
391,630
433,630
382,631
391,631
433,631
381,632
411,632
485,632
384,633
402,633
384,634
402,634
382,635
383,635
391,635
433,635
571,635
382,636
393,636
439,636
382,637
393,637
439,637
382,638
393,638
439,638
384,639
400,639
529,639
382,640
393,640
439,640
381,641
412,641
550,641
384,642
400,642
529,642
384,643
400,643
536,643
384,644
400,644
551,644
381,645
414,645
519,645
384,646
400,646
536,646
381,647
414,647
519,647
382,648
392,648
436,648
382,649
393,649
382,650
392,650
436,650
382,651
391,651
433,651
382,652
391,652
433,652
382,653
391,653
433,653
382,654
392,654
437,654
382,655
417,655
561,655
382,656
393,656
382,657
393,657
382,658
393,658
382,659
393,659
382,660
391,660
435,660
382,661
392,661
384,662
400,662
455,662
384,663
400,663
455,663
384,664
400,664
455,664
384,665
400,665
531,665
384,666
400,666
535,666
381,667
412,667
384,668
399,668
384,669
400,669
551,669
384,670
400,670
536,670
384,671
400,671
524,671
384,672
400,672
537,672
384,673
400,673
551,673
384,674
532,674
384,675
400,675
551,675
384,676
400,676
551,676
384,677
400,677
551,677
384,678
400,678
541,678
384,679
400,679
532,679
384,680
400,680
455,680
384,681
400,681
455,681
384,682
400,682
455,682
384,683
400,683
455,683
384,684
400,684
551,684
384,685
400,685
518,685
384,686
400,686
529,686
384,687
400,687
529,687
384,688
400,688
551,688
384,689
400,689
535,689
384,690
400,690
535,690
384,691
400,691
551,691
384,692
400,692
551,692
384,693
400,693
551,693
384,694
400,694
551,694
384,695
400,695
551,695
384,696
400,696
562,696
384,697
400,697
562,697
384,698
400,698
562,698
384,699
400,699
562,699
384,700
400,700
531,700
384,701
400,701
531,701
384,702
400,702
531,702
384,703
400,703
531,703
384,704
400,704
531,704
384,705
400,705
531,705
384,706
400,706
531,706
384,707
400,707
531,707
384,708
400,708
532,708
384,709
400,709
532,709
384,710
400,710
524,710
384,711
400,711
455,711
384,712
400,712
455,712
384,713
400,713
455,713
384,714
400,714
455,714
384,715
400,715
532,715
384,716
400,716
455,716
384,717
400,717
455,717
384,718
400,718
455,718
384,719
400,719
455,719
384,720
400,720
455,720
384,721
400,721
454,721
384,722
400,722
534,722
384,723
400,723
563,723
384,724
400,724
551,724
384,725
400,725
551,725
384,726
400,726
551,726
384,727
400,727
455,727
384,728
400,728
455,728
384,729
400,729
455,729
384,730
400,730
455,730
384,731
400,731
455,731
384,732
400,732
536,732
384,733
400,733
536,733
384,734
400,734
536,734
384,735
400,735
531,735
384,736
400,736
531,736
384,737
400,737
531,737
384,738
400,738
530,738
541,738
384,739
400,739
530,739
541,739
384,740
400,740
530,740
541,740
384,741
400,741
455,741
384,742
400,742
455,742
384,743
400,743
455,743
384,744
400,744
524,744
384,745
400,745
531,745
384,746
400,746
531,746
384,747
400,747
531,747
384,748
400,748
455,748
384,749
400,749
455,749
384,750
400,750
455,750
384,752
400,752
529,752
400,755
454,755
400,756
454,756
400,757
454,757
400,758
454,758
384,759
400,759
531,759
384,760
400,760
531,760
384,761
400,761
531,761
384,762
400,762
535,762
384,763
400,763
535,763
384,764
400,764
535,764
384,765
400,765
455,765
384,766
400,766
455,766
384,767
400,767
455,767
384,768
400,768
455,768
384,769
400,769
518,769
384,770
400,770
518,770
384,771
400,771
518,771
384,772
400,772
518,772
384,773
400,773
518,773
384,774
400,774
518,774
384,775
400,775
518,775
384,776
400,776
518,776
384,777
400,777
518,777
384,778
400,778
518,778
382,779
417,779
446,779
384,780
400,780
518,780
384,781
400,781
518,781
384,782
400,782
518,782
384,783
400,783
518,783
384,784
400,784
524,784
382,785
418,785
448,785
382,786
418,786
448,786
382,787
418,787
448,787
384,788
400,788
551,788
384,789
400,789
551,789
384,790
400,790
551,790
382,791
391,791
382,792
392,792
437,792
382,793
392,793
437,793
382,794
392,794
437,794
382,795
392,795
437,795
384,796
400,796
551,796
382,797
391,797
433,797
382,798
418,798
384,799
400,799
551,799
384,800
400,800
551,800
384,801
400,801
551,801
384,802
400,802
551,802
382,803
393,803
382,804
393,804
382,805
393,805
384,806
400,806
551,806
384,807
400,807
551,807
384,808
400,808
551,808
382,809
417,809
446,809
384,810
400,810
551,810
384,811
400,811
551,811
384,812
400,812
551,812
384,813
400,813
551,813
384,814
400,814
551,814
384,815
400,815
551,815
384,816
400,816
551,816
382,817
417,817
446,817
384,818
400,818
551,818
384,819
400,819
551,819
384,820
400,820
551,820
384,821
400,821
551,821
382,822
392,822
437,822
382,823
392,823
437,823
382,824
392,824
437,824
382,825
392,825
437,825
382,826
417,826
384,827
400,827
551,827
384,828
400,828
551,828
384,829
400,829
551,829
384,830
400,830
551,830
382,831
393,831
384,832
400,832
551,832
384,833
400,833
551,833
384,834
400,834
551,834
384,835
400,835
551,835
384,836
400,836
551,836
384,837
400,837
551,837
382,838
417,838
446,838
551,838
384,839
564,839
384,840
400,840
564,840
382,841
391,841
434,841
382,842
391,842
434,842
382,843
394,843
441,843
384,844
400,844
533,844
384,845
400,845
533,845
384,846
400,846
533,846
382,847
392,847
417,847
446,847
382,848
417,848
446,848
382,849
417,849
446,849
382,850
418,850
448,850
382,851
418,851
448,851
382,852
418,852
448,852
384,853
400,853
565,853
382,854
392,854
436,854
382,855
392,855
437,855
382,856
394,856
441,856
382,857
392,857
436,857
382,858
392,858
437,858
382,859
392,859
523,859
382,860
392,860
437,860
382,861
391,861
433,861
382,862
417,862
446,862
384,863
400,863
535,863
384,864
400,864
535,864
384,865
400,865
535,865
382,866
392,866
566,866
382,867
391,867
433,867
382,868
394,868
442,868
384,869
402,869
382,870
417,870
446,870
384,871
400,871
536,871
384,872
400,872
536,872
384,873
400,873
536,873
382,874
417,874
446,874
382,875
394,875
441,875
382,876
417,876
446,876
382,877
391,877
435,877
382,878
391,878
433,878
384,879
402,879
382,880
393,880
382,881
393,881
382,882
393,882
382,883
417,883
446,883
382,884
392,884
544,884
382,885
417,885
446,885
382,886
392,886
438,886
382,887
417,887
446,887
384,888
400,888
537,888
384,889
400,889
537,889
384,890
400,890
537,890
384,891
400,891
537,891
384,892
400,892
537,892
382,893
393,893
439,893
382,894
417,894
446,894
382,895
394,895
441,895
382,896
394,896
441,896
382,897
394,897
441,897
382,898
394,898
441,898
382,899
392,899
436,899
382,900
392,900
436,900
382,901
392,901
436,901
382,902
394,902
441,902
382,903
392,903
436,903
384,904
400,904
518,904
384,905
400,905
518,905
384,906
400,906
518,906
382,907
392,907
436,907
382,908
391,908
433,908
402,909
385,910
461,910
382,911
417,911
446,911
384,912
400,912
531,912
384,913
400,913
531,913
384,914
400,914
531,914
384,915
400,915
531,915
384,916
400,916
531,916
384,917
400,917
531,917
384,918
400,918
531,918
384,919
400,919
531,919
384,920
400,920
531,920
384,921
400,921
531,921
384,922
400,922
531,922
384,923
400,923
531,923
384,924
400,924
531,924
384,925
400,925
534,925
384,926
400,926
534,926
384,927
400,927
534,927
384,928
400,928
534,928
384,929
400,929
454,929
400,930
454,930
400,931
454,931
400,932
454,932
400,933
454,933
400,934
454,934
400,935
518,935
400,936
518,936
400,937
518,937
400,938
518,938
400,939
518,939
400,940
518,940
400,941
518,941
400,942
518,942
400,943
518,943
400,944
518,944
400,945
518,945
400,946
518,946
400,947
518,947
400,948
518,948
400,949
524,949
400,950
524,950
400,951
524,951
400,952
524,952
400,953
524,953
400,954
524,954
400,955
524,955
400,956
524,956
400,957
524,957
400,958
524,958
400,959
524,959
400,960
524,960
400,961
525,961
400,962
525,962
400,963
525,963
400,964
525,964
400,965
525,965
400,966
525,966
400,967
529,967
400,968
529,968
400,969
529,969
400,970
529,970
400,971
529,971
400,972
567,972
400,973
567,973
400,974
567,974
400,975
562,975
400,976
551,976
400,977
551,977
400,978
551,978
400,979
551,979
400,980
551,980
400,981
551,981
400,982
551,982
400,983
551,983
400,984
551,984
400,985
551,985
400,986
530,986
540,986
400,987
530,987
540,987
400,988
530,988
540,988
400,989
531,989
400,990
531,990
400,991
531,991
400,992
531,992
400,993
531,993
400,994
531,994
400,995
531,995
400,996
531,996
400,997
531,997
400,998
531,998
400,999
531,999
400,1000
531,1000
400,1001
531,1001
400,1002
531,1002
400,1003
531,1003
400,1004
531,1004
400,1005
531,1005
400,1006
531,1006
400,1007
532,1007
400,1008
532,1008
400,1009
532,1009
400,1010
532,1010
400,1011
532,1011
400,1012
532,1012
400,1013
532,1013
400,1014
532,1014
400,1015
532,1015
400,1016
565,1016
400,1017
565,1017
400,1018
565,1018
399,1019
453,1019
399,1020
453,1020
399,1021
453,1021
399,1022
453,1022
399,1023
453,1023
399,1024
453,1024
399,1025
453,1025
384,1026
400,1026
563,1026
384,1027
400,1027
563,1027
384,1028
400,1028
563,1028
384,1029
400,1029
537,1029
384,1030
400,1030
537,1030
384,1031
400,1031
537,1031
384,1032
400,1032
537,1032
384,1033
400,1033
537,1033
384,1034
400,1034
537,1034
384,1035
400,1035
537,1035
381,1036
412,1036
468,1036
381,1037
412,1037
468,1037
381,1038
412,1038
468,1038
402,1039
414,1040
383,1041
397,1041
381,1042
387,1042
424,1042
381,1043
408,1043
381,1044
415,1044
381,1045
412,1045
381,1046
412,1046
381,1047
412,1047
381,1048
412,1048
381,1049
412,1049
381,1050
412,1050
381,1051
412,1051
412,1052
412,1053
412,1054
412,1055
471,1055
543,1056
412,1057
469,1057
412,1058
543,1058
412,1059
469,1059
412,1060
468,1060
412,1061
468,1061
412,1062
468,1062
412,1063
543,1063
412,1064
543,1064
412,1065
543,1065
381,1066
412,1066
543,1066
412,1067
543,1067
383,1068
568,1068
383,1069
396,1069
383,1070
396,1070
384,1071
401,1071
456,1071
382,1072
392,1072
438,1072
382,1073
394,1073
441,1073
382,1074
391,1074
434,1074
382,1075
394,1075
441,1075
382,1076
392,1076
437,1076
382,1077
392,1077
544,1077
381,1078
387,1078
557,1078
381,1079
411,1079
485,1079
384,1080
400,1080
529,1080
384,1081
400,1081
530,1081
540,1081
382,1082
391,1082
381,1083
414,1083
384,1084
398,1084
384,1085
400,1085
551,1085
382,1086
394,1086
483,1086
382,1087
383,1087
391,1087
433,1087
571,1087
384,1088
400,1088
529,1088
383,1089
396,1089
384,1091
400,1091
551,1091
385,1092
403,1092
460,1092
384,1093
400,1093
551,1093
382,1094
391,1094
433,1094
384,1095
400,1095
551,1095
382,1096
394,1096
483,1096
384,1097
400,1097
551,1097
569,1098
385,1099
569,1099
384,1100
401,1100
457,1100
384,1101
400,1101
551,1101
382,1102
392,1102
436,1102
384,1103
402,1103
412,1104
543,1104
412,1105
468,1105
384,1106
551,1106
384,1107
400,1107
551,1107
384,1108
400,1108
551,1108
384,1109
400,1109
551,1109
384,1110
400,1110
551,1110
384,1111
400,1111
551,1111
384,1112
400,1112
551,1112
384,1113
400,1113
551,1113
384,1114
400,1114
551,1114
384,1115
400,1115
551,1115
384,1116
400,1116
551,1116
384,1117
400,1117
551,1117
384,1118
400,1118
551,1118
384,1119
400,1119
551,1119
384,1120
400,1120
551,1120
384,1121
400,1121
551,1121
384,1122
400,1122
551,1122
384,1123
400,1123
551,1123
384,1124
400,1124
551,1124
384,1125
400,1125
551,1125
384,1126
400,1126
551,1126
384,1127
400,1127
551,1127
384,1128
400,1128
551,1128
384,1129
400,1129
551,1129
384,1130
400,1130
551,1130
384,1131
400,1131
551,1131
384,1132
400,1132
551,1132
384,1133
400,1133
551,1133
384,1134
400,1134
551,1134
384,1135
400,1135
551,1135
384,1136
400,1136
551,1136
384,1137
400,1137
551,1137
384,1138
400,1138
551,1138
384,1139
400,1139
551,1139
384,1140
400,1140
551,1140
384,1141
400,1141
551,1141
384,1142
400,1142
551,1142
384,1143
400,1143
551,1143
384,1144
400,1144
551,1144
384,1145
400,1145
551,1145
384,1146
400,1146
551,1146
384,1147
400,1147
551,1147
384,1148
400,1148
551,1148
384,1149
400,1149
551,1149
384,1150
398,1150
381,1151
414,1151
472,1151
384,1152
398,1152
384,1153
400,1153
518,1153
384,1154
400,1154
551,1154
382,1155
384,1155
391,1155
434,1155
400,1156
455,1156
384,1157
400,1157
532,1157
384,1158
400,1158
536,1158
384,1159
400,1159
536,1159
412,1160
468,1160
412,1161
471,1161
412,1162
385,1163
404,1163
385,1166
404,1166
382,1168
392,1168
544,1168
382,1169
394,1169
441,1169
382,1170
391,1170
433,1170
382,1171
391,1171
433,1171
402,1172
382,1173
417,1173
561,1173
382,1174
417,1174
561,1174
382,1175
417,1175
561,1175
382,1176
417,1176
561,1176
382,1177
392,1177
437,1177
382,1179
391,1179
434,1179
382,1180
391,1180
434,1180
382,1181
391,1181
434,1181
382,1182
392,1182
544,1182
382,1183
392,1183
436,1183
382,1184
392,1184
438,1184
400,1185
382,1186
392,1186
438,1186
382,1187
392,1187
436,1187
382,1188
392,1188
437,1188
382,1189
392,1189
437,1189
382,1190
392,1190
437,1190
382,1191
417,1191
561,1191
382,1192
392,1192
544,1192
382,1193
392,1193
438,1193
382,1194
392,1194
544,1194
382,1195
392,1195
544,1195
382,1196
441,1196
382,1197
394,1197
441,1197
382,1198
392,1198
544,1198
382,1199
392,1199
544,1199
382,1200
392,1200
438,1200
382,1201
392,1201
438,1201
382,1202
392,1202
438,1202
382,1203
392,1203
438,1203
382,1204
392,1204
438,1204
384,1205
400,1205
551,1205
412,1206
412,1207
468,1207
381,1208
493,1208
381,1209
415,1209
584,1210
381,1211
408,1211
381,1212
408,1212
381,1213
408,1213
381,1214
415,1214
493,1214
381,1215
415,1215
493,1215
381,1216
415,1216
493,1216
381,1217
415,1217
493,1217
381,1218
415,1218
493,1218
381,1219
415,1219
493,1219
381,1220
415,1220
493,1220
381,1221
415,1221
493,1221
412,1222
467,1222
412,1223
412,1224
543,1224
412,1225
381,1226
415,1226
493,1226
381,1227
415,1227
493,1227
381,1228
415,1228
492,1228
381,1229
386,1229
552,1229
381,1230
386,1230
384,1231
401,1231
457,1231
381,1232
490,1232
412,1233
480,1233
584,1234
384,1235
400,1235
551,1235
384,1236
400,1236
551,1236
384,1237
400,1237
532,1237
384,1238
400,1238
455,1238
381,1239
411,1239
487,1239
381,1240
411,1240
487,1240
381,1241
411,1241
487,1241
381,1242
411,1242
487,1242
381,1243
408,1243
381,1244
490,1244
381,1245
490,1245
381,1246
490,1246
381,1247
491,1247
381,1248
491,1248
381,1249
491,1249
412,1250
467,1250
381,1251
381,1252
413,1252
381,1253
413,1253
381,1254
413,1254
381,1255
413,1255
381,1256
386,1256
384,1257
401,1257
457,1257
384,1258
402,1258
381,1259
414,1259
384,1260
400,1260
536,1260
381,1261
390,1261
429,1261
381,1262
390,1262
429,1262
384,1263
400,1263
537,1263
381,1264
414,1264
384,1265
400,1265
551,1265
381,1266
414,1266
473,1266
381,1267
381,1268
414,1268
519,1268
384,1269
400,1269
551,1269
381,1270
414,1270
474,1270
381,1271
390,1271
511,1271
384,1272
400,1272
551,1272
381,1273
390,1273
511,1273
381,1274
390,1274
513,1274
381,1275
386,1275
421,1275
381,1276
386,1276
421,1276
381,1277
386,1277
553,1277
381,1278
386,1278
554,1278
381,1279
390,1279
430,1279
381,1280
390,1280
430,1280
381,1281
414,1281
472,1281
381,1282
390,1282
514,1282
382,1283
393,1283
385,1284
403,1284
461,1284
383,1285
385,1285
575,1285
385,1286
489,1286
381,1287
408,1287
381,1288
409,1288
381,1289
414,1289
381,1290
414,1290
381,1291
390,1291
514,1291
381,1292
390,1292
514,1292
381,1293
390,1293
514,1293
381,1294
411,1294
506,1294
381,1295
390,1295
429,1295
381,1296
390,1296
429,1296
381,1297
390,1297
381,1298
390,1298
381,1299
389,1299
428,1299
381,1300
414,1300
381,1301
414,1301
381,1302
409,1302
381,1303
390,1303
512,1303
381,1304
413,1304
527,1304
381,1305
414,1305
475,1305
381,1306
491,1306
381,1307
413,1307
526,1307
381,1308
382,1309
393,1309
440,1309
382,1310
433,1310
384,1311
401,1311
457,1311
384,1312
402,1312
381,1313
415,1313
494,1313
382,1314
391,1314
434,1314
412,1315
550,1315
381,1316
408,1316
381,1317
388,1317
384,1318
398,1318
451,1318
384,1319
398,1319
451,1319
384,1320
398,1320
451,1320
384,1321
398,1321
451,1321
412,1322
467,1322
412,1323
467,1323
381,1324
412,1324
470,1324
412,1325
467,1325
412,1326
467,1326
573,1327
385,1328
579,1328
385,1329
579,1329
385,1330
579,1330
385,1331
579,1331
391,1332
433,1332
573,1334
385,1336
580,1336
581,1336
385,1337
580,1337
581,1337
385,1338
580,1338
581,1338
385,1339
580,1339
581,1339
385,1344
579,1344
385,1345
579,1345
385,1346
579,1346
385,1347
579,1347
381,1348
388,1348
573,1349
381,1350
413,1350
521,1350
573,1352
384,1353
400,1353
537,1353
384,1354
400,1354
537,1354
381,1355
408,1355
381,1356
408,1356
412,1357
468,1357
412,1358
468,1358
381,1359
381,1360
413,1360
381,1361
413,1361
381,1362
584,1362
381,1363
584,1363
381,1364
584,1364
381,1365
584,1365
381,1366
584,1366
381,1367
584,1367
381,1368
584,1368
381,1369
584,1369
384,1370
398,1370
412,1371
471,1371
384,1372
400,1372
541,1372
384,1373
400,1373
551,1373
384,1374
400,1374
551,1374
384,1375
400,1375
532,1375
384,1376
400,1376
524,1376
384,1377
400,1377
384,1378
400,1378
533,1378
384,1379
400,1379
384,1380
400,1380
531,1380
384,1381
400,1381
518,1381
384,1382
400,1382
533,1382
384,1383
400,1383
551,1383
384,1384
400,1384
529,1384
384,1385
400,1385
532,1385
384,1386
400,1386
532,1386
384,1387
400,1387
518,1387
384,1388
400,1388
537,1388
384,1389
453,1389
384,1390
400,1390
384,1391
400,1391
551,1391
412,1392
543,1392
400,1393
454,1393
455,1393
400,1394
454,1394
455,1394
400,1395
529,1395
412,1396
469,1396
412,1397
471,1397
412,1398
471,1398
412,1399
468,1399
412,1400
468,1400
412,1401
468,1401
384,1402
400,1402
455,1402
384,1403
400,1403
455,1403
384,1404
400,1404
455,1404
400,1405
454,1405
455,1405
455,1406
455,1407
384,1408
384,1409
412,1410
543,1410
412,1411
543,1411
412,1412
543,1412
412,1413
543,1413
412,1414
469,1414
455,1415
469,1415
529,1416
412,1417
543,1417
412,1418
543,1418
398,1419
384,1420
548,1420
412,1421
543,1421
412,1422
543,1422
412,1423
543,1423
412,1424
543,1424
412,1425
543,1425
412,1426
543,1426
412,1427
543,1427
412,1428
543,1428
412,1429
412,1430
412,1431
400,1432
537,1432
383,1433
397,1433
384,1434
399,1434
452,1434
472,1435
384,1436
402,1436
384,1437
455,1437
412,1438
482,1438
412,1439
469,1439
412,1440
470,1440
412,1441
482,1441
412,1442
412,1443
412,1444
468,1444
412,1445
384,1446
384,1447
444,1447
412,1448
412,1449
412,1450
384,1452
412,1453
468,1453
384,1454
455,1454
384,1455
400,1455
455,1455
384,1456
400,1456
534,1456
384,1457
455,1457
384,1458
531,1458
384,1459
531,1459
384,1460
400,1460
537,1460
384,1461
400,1461
537,1461
384,1462
384,1463
384,1464
384,1465
384,1466
384,1467
412,1468
468,1468
384,1469
455,1469
384,1470
545,1470
546,1470
384,1471
545,1471
546,1471
412,1472
384,1473
400,1473
455,1473
412,1474
543,1474
412,1475
469,1475
381,1476
408,1476
573,1477
381,1486
478,1486
589,635
589,636
590,669
590,670
590,671
590,673
590,674
590,678
590,679
590,684
590,685
590,686
590,687
590,688
590,689
590,690
590,691
590,708
590,709
590,710
590,715
590,721
590,722
592,263
592,271
592,272
592,281
592,290
592,296
592,303
592,309
592,311
592,312
592,313
592,314
592,320
592,326
592,334
592,1476
593,1318
595,779
595,785
595,791
595,792
595,797
595,798
595,803
595,804
595,805
595,809
595,817
595,822
595,826
595,830
595,831
595,838
595,841
595,842
595,843
595,847
595,848
595,849
595,850
595,854
595,855
595,856
595,858
595,859
595,860
595,861
595,862
595,866
595,867
595,868
595,869
595,870
595,874
595,875
595,876
595,877
595,878
595,879
595,880
595,883
595,884
595,885
595,886
595,887
595,893
595,894
595,895
595,896
595,897
595,898
595,899
595,900
595,901
595,902
595,903
595,907
595,908
595,909
595,910
595,911
595,1179
595,1181
597,150
597,151
597,153
597,154
597,155
597,167
597,168
597,170
597,176
597,178
597,179
597,183
597,186
597,187
597,198
597,199
597,200
597,201
597,202
597,203
597,216
597,218
597,225
597,229
597,231
597,232
597,233
597,239
597,240
597,241
597,242
597,1069
597,1070
597,1071
597,1099
597,1100
597,1285
597,1328
597,1329
597,1330
597,1331
597,1336
597,1337
597,1338
597,1344
597,1345
597,1346
597,1347
597,1348
598,10
598,13
598,14
598,16
598,17
598,19
598,20
598,22
598,24
598,25
598,26
598,27
598,28
598,32
599,639
601,423
601,425
601,426
601,427
601,428
601,430
601,580
601,1078
601,1079
601,1080
601,1316
602,468
603,522
603,525
603,526
603,528
603,531
603,534
603,536
603,538
603,540
603,542
603,546
603,550
603,553
603,555
603,558
603,560
603,567
603,572
603,1317
605,594
606,491
606,494
606,498
606,502
606,505
606,513
606,516
606,640
606,641
606,642
606,1081
606,1082
606,1083
606,1097
606,1289
606,1290
608,331
608,332
608,333
608,335
608,336
608,337
608,338
608,339
608,340
608,341
608,343
608,346
608,347
608,351
608,357
608,362
608,369
608,1086
608,1087
608,1095
609,370
609,372
609,424
609,429
609,431
609,441
609,448
609,450
609,454
609,457
609,466
609,473
609,476
610,545
610,547
611,213
611,215
611,217
611,220
612,552
613,1437
613,1438
613,1439
613,1440
613,1441
613,1442
613,1443
613,1444
613,1445
613,1446
613,1447
613,1448
613,1449
613,1450
613,1452
613,1453
613,1454
613,1455
613,1456
613,1457
613,1462
613,1463
613,1464
613,1466
613,1467
613,1468
613,1469
613,1470
613,1471
613,1472
613,1473
613,1474
613,1475
615,566
615,569
615,577
615,584
615,586
615,589
615,590
615,591
615,592
615,593
615,1313
616,643
617,578
618,1182
618,1183
618,1184
618,1185
618,1186
618,1187
618,1188
618,1189
618,1190
618,1191
618,1192
618,1193
618,1194
618,1195
618,1196
618,1197
618,1198
618,1199
618,1200
618,1201
618,1202
618,1203
618,1204
619,350
619,352
619,359
619,360
619,367
619,368
619,371
619,373
619,374
619,375
619,400
619,404
619,405
619,406
619,407
619,411
619,414
619,416
619,420
619,421
619,422
619,432
619,434
619,439
619,442
619,443
619,446
619,449
619,451
619,452
619,455
619,459
619,460
619,462
619,467
619,471
619,472
619,474
619,475
619,477
619,478
619,479
619,482
619,486
619,490
619,492
619,493
619,507
619,509
619,512
619,514
619,515
619,519
619,521
619,523
619,524
619,527
619,529
619,532
619,535
619,537
619,539
619,541
619,543
619,544
619,548
619,549
619,551
619,554
619,557
619,559
619,561
619,562
619,563
619,564
619,565
619,568
619,574
619,575
619,576
619,579
619,581
619,583
619,585
619,1153
619,1154
619,1155
619,1156
619,1157
619,1158
619,1159
620,12
620,15
620,18
620,21
620,23
620,29
620,30
620,31
620,33
620,34
620,35
620,37
620,39
620,40
620,43
620,45
620,46
620,47
620,48
620,49
620,51
620,52
620,54
620,56
620,59
620,60
620,61
620,62
620,65
620,69
620,72
620,74
620,81
620,82
620,83
620,84
620,85
620,86
620,87
620,88
620,89
620,90
620,91
620,92
620,93
620,94
620,95
620,96
620,97
620,98
620,100
620,102
620,105
620,106
620,109
620,111
620,112
620,114
620,117
620,119
620,121
620,122
620,124
620,125
620,127
620,129
620,130
620,597
620,598
620,599
620,600
620,604
620,605
620,606
620,607
620,608
620,609
620,610
620,611
620,612
620,613
620,614
620,615
620,616
620,617
620,618
620,619
620,620
620,621
620,622
620,623
620,624
620,625
620,626
620,627
620,628
620,629
620,630
620,631
620,648
620,649
620,650
620,1103
621,279
621,280
621,284
621,285
621,287
621,288
621,289
621,293
621,294
621,299
621,300
621,301
621,306
621,308
621,317
621,318
621,319
621,321
621,322
621,324
621,327
621,328
621,329
621,330
621,652
621,654
621,655
621,656
621,657
621,658
621,659
621,660
621,1094
621,1314
623,1036
623,1037
623,1038
623,1039
623,1040
623,1041
623,1042
623,1043
623,1044
623,1045
623,1046
623,1047
623,1048
623,1049
623,1050
623,1051
623,1053
623,1054
623,1055
623,1056
623,1057
623,1058
623,1059
623,1060
623,1061
623,1062
623,1063
623,1064
623,1065
623,1066
623,1067
623,1106
623,1107
623,1108
623,1109
623,1110
623,1111
623,1112
623,1113
623,1114
623,1115
623,1116
623,1117
623,1118
623,1119
623,1120
623,1121
623,1122
623,1123
623,1124
623,1125
623,1126
623,1127
623,1128
623,1129
623,1130
623,1131
623,1132
623,1133
623,1134
623,1135
623,1136
623,1137
623,1138
623,1139
623,1140
623,1141
623,1142
623,1143
623,1144
623,1145
623,1146
623,1147
623,1148
623,1149
623,1150
623,1151
623,1152
624,1431
624,1432
624,1433
624,1434
624,1435
624,1436
625,1359
627,342
628,417
628,418
628,419
628,1089
628,1091
628,1092
630,1259
630,1261
630,1262
630,1264
630,1266
630,1267
630,1268
630,1270
630,1273
630,1274
630,1275
630,1276
630,1277
630,1278
630,1279
630,1280
630,1281
630,1282
630,1291
630,1292
630,1293
630,1294
630,1295
630,1296
630,1297
630,1298
630,1299
630,1300
630,1301
630,1302
630,1303
630,1304
630,1305
630,1306
631,1206
631,1207
631,1208
631,1209
631,1211
631,1212
631,1213
631,1214
631,1215
631,1216
631,1217
631,1218
631,1219
631,1220
631,1221
631,1222
631,1223
631,1224
631,1225
631,1226
631,1227
631,1228
631,1230
631,1231
631,1232
631,1233
631,1235
631,1236
631,1237
631,1238
631,1239
631,1240
631,1241
631,1242
631,1243
631,1244
631,1245
631,1246
631,1248
631,1249
631,1250
631,1251
631,1252
631,1256
633,1284
635,662
635,663
635,664
635,665
635,666
635,668
635,672
635,675
635,676
635,677
635,680
635,681
635,682
635,683
635,692
635,693
635,694
635,695
635,696
635,697
635,698
635,699
635,700
635,701
635,702
635,703
635,704
635,705
635,706
635,707
635,711
635,712
635,713
635,714
635,716
635,717
635,718
635,719
635,720
635,723
635,724
635,725
635,726
635,727
635,728
635,729
635,730
635,731
635,732
635,733
635,734
635,735
635,736
635,737
635,738
635,739
635,740
635,741
635,742
635,743
635,744
635,745
635,746
635,747
635,748
635,749
635,750
635,752
635,755
635,756
635,757
635,758
635,759
635,760
635,761
635,762
635,763
635,764
635,765
635,766
635,767
635,768
635,769
635,770
635,771
635,772
635,773
635,774
635,775
635,776
635,777
635,778
635,780
635,781
635,782
635,783
635,784
635,788
635,789
635,790
635,796
635,799
635,800
635,801
635,802
635,806
635,807
635,808
635,810
635,811
635,812
635,813
635,814
635,815
635,816
635,818
635,819
635,820
635,821
635,827
635,828
635,829
635,832
635,833
635,834
635,835
635,836
635,837
635,839
635,840
635,844
635,845
635,846
635,853
635,863
635,864
635,865
635,871
635,872
635,873
635,888
635,889
635,890
635,891
635,892
635,904
635,905
635,906
635,912
635,913
635,914
635,915
635,916
635,917
635,918
635,919
635,920
635,921
635,922
635,923
635,924
635,925
635,926
635,927
635,928
635,929
635,930
635,931
635,932
635,933
635,934
635,935
635,936
635,937
635,938
635,939
635,940
635,941
635,942
635,943
635,944
635,945
635,946
635,947
635,948
635,949
635,950
635,951
635,952
635,953
635,954
635,955
635,956
635,957
635,958
635,959
635,960
635,961
635,962
635,963
635,964
635,965
635,966
635,967
635,968
635,969
635,970
635,971
635,972
635,973
635,974
635,975
635,976
635,977
635,978
635,979
635,980
635,981
635,982
635,983
635,984
635,985
635,986
635,987
635,988
635,989
635,990
635,991
635,992
635,993
635,994
635,995
635,996
635,997
635,998
635,999
635,1000
635,1001
635,1002
635,1003
635,1004
635,1007
635,1008
635,1009
635,1010
635,1011
635,1012
635,1013
635,1014
635,1015
635,1016
635,1017
635,1018
635,1019
635,1020
635,1021
635,1022
635,1023
635,1024
635,1025
635,1026
635,1027
635,1028
635,1029
635,1030
635,1031
635,1032
635,1033
635,1034
635,1035
635,1353
635,1354
634,195
634,196
634,197
634,661
634,667
634,1163
634,1166
634,1168
634,1169
634,1170
634,1171
634,1172
634,1173
634,1174
634,1175
634,1176
634,1177
585,662
585,663
585,664
585,665
585,666
585,668
585,672
585,675
585,676
585,677
585,680
585,681
585,682
585,683
585,692
585,693
585,694
585,695
585,696
585,697
585,698
585,699
585,700
585,701
585,702
585,703
585,704
585,705
585,706
585,707
585,711
585,712
585,713
585,714
585,716
585,717
585,718
585,719
585,720
585,723
585,724
585,725
585,726
585,727
585,728
585,729
585,730
585,731
585,732
585,733
585,734
585,735
585,736
585,737
585,738
585,739
585,740
585,741
585,742
585,743
585,744
585,745
585,746
585,747
585,748
585,749
585,750
585,752
585,755
585,756
585,757
585,758
585,759
585,760
585,761
585,762
585,763
585,764
585,765
585,766
585,767
585,768
585,769
585,770
585,771
585,772
585,773
585,774
585,775
585,776
585,777
585,778
585,780
585,781
585,782
585,783
585,784
585,788
585,789
585,790
585,796
585,799
585,800
585,801
585,802
585,806
585,807
585,808
585,810
585,811
585,812
585,813
585,814
585,815
585,816
585,818
585,819
585,820
585,821
585,827
585,828
585,829
585,832
585,833
585,834
585,835
585,836
585,837
585,839
585,840
585,844
585,845
585,846
585,853
585,863
585,864
585,865
585,871
585,872
585,873
585,888
585,889
585,890
585,891
585,892
585,904
585,905
585,906
585,912
585,913
585,914
585,915
585,916
585,917
585,918
585,919
585,920
585,921
585,922
585,923
585,924
585,925
585,926
585,927
585,928
585,929
585,930
585,931
585,932
585,933
585,934
585,935
585,936
585,937
585,938
585,939
585,940
585,941
585,942
585,943
585,944
585,945
585,946
585,947
585,948
585,949
585,950
585,951
585,952
585,953
585,954
585,955
585,956
585,957
585,958
585,959
585,960
585,961
585,962
585,963
585,964
585,965
585,966
585,967
585,968
585,969
585,970
585,971
585,972
585,973
585,974
585,975
585,976
585,977
585,978
585,979
585,980
585,981
585,982
585,983
585,984
585,985
585,986
585,987
585,988
585,989
585,990
585,991
585,992
585,993
585,994
585,995
585,996
585,997
585,998
585,999
585,1000
585,1001
585,1002
585,1003
585,1004
585,1005
585,1006
585,1007
585,1008
585,1009
585,1010
585,1011
585,1012
585,1013
585,1014
585,1015
585,1016
585,1017
585,1018
585,1019
585,1020
585,1021
585,1022
585,1023
585,1024
585,1025
585,1026
585,1027
585,1028
585,1029
585,1030
585,1031
585,1032
585,1033
585,1034
585,1035
585,1353
585,1354
634,157
634,158
634,159
634,160
634,161
634,162
634,163
634,164
634,166
634,169
634,171
634,172
634,173
634,175
634,177
634,180
634,181
634,182
634,184
634,185
634,188
634,190
634,191
634,193
635,1005
635,1006
633,587
633,588
632,4
632,11
632,99
632,101
632,103
632,104
632,107
632,108
632,110
632,113
632,115
632,116
632,118
632,120
632,123
632,126
632,128
632,131
632,132
632,133
632,134
632,135
632,136
632,137
632,138
632,139
632,140
632,141
632,142
632,143
632,144
631,1205
631,1210
631,1229
631,1234
631,1247
631,1253
631,1254
631,1255
630,1271
629,376
629,377
629,378
629,379
628,380
628,381
628,382
628,383
628,384
628,385
628,386
628,387
628,388
628,389
628,390
628,391
628,392
628,393
628,395
628,396
628,397
628,398
628,399
628,401
628,402
628,403
628,408
628,409
628,410
628,412
628,413
628,415
627,344
627,348
627,349
627,353
627,354
627,355
627,356
627,358
627,361
627,363
627,364
627,365
627,366
627,645
627,646
627,647
627,1350
626,1102
625,1355
625,1356
625,1357
625,1358
625,1360
625,1361
624,1371
624,1372
624,1373
624,1374
624,1375
624,1376
624,1377
624,1378
624,1380
624,1381
624,1382
624,1383
624,1384
624,1385
624,1386
624,1387
624,1388
624,1389
624,1390
624,1391
624,1392
624,1393
624,1394
624,1395
624,1396
624,1397
624,1398
624,1399
624,1400
624,1401
624,1402
624,1403
624,1404
624,1405
624,1406
624,1407
624,1408
624,1409
624,1410
624,1411
624,1412
624,1413
624,1414
624,1415
624,1416
624,1417
624,1418
624,1419
624,1420
624,1421
624,1422
624,1423
624,1424
624,1425
624,1426
624,1427
624,1428
624,1429
624,1430
622,644
621,651
621,653
620,601
620,602
620,603
619,556
619,573
615,570
615,571
613,1458
613,1459
613,1460
613,1461
613,1465
609,435
609,461
609,469
609,480
609,481
609,483
609,484
609,485
609,487
609,488
609,489
609,1088
608,345
607,227
607,228
607,230
607,234
607,235
607,236
607,237
607,238
607,243
607,244
607,255
607,256
607,257
607,258
607,259
607,260
607,261
607,262
607,267
607,268
607,269
607,270
607,273
607,274
607,275
607,276
607,277
607,278
607,286
607,295
607,302
607,307
607,310
607,323
607,325
607,632
607,633
607,634
607,1085
606,495
606,497
605,595
605,596
604,1362
604,1363
604,1364
604,1365
604,1366
604,1367
604,1368
604,1369
604,1370
603,1288
602,470
602,1104
602,1105
602,1160
602,1161
602,1162
600,433
600,436
600,437
600,438
600,440
600,444
600,445
600,447
600,453
600,456
600,458
600,463
600,464
600,465
600,1072
600,1073
600,1074
600,1075
600,1076
600,1077
600,1283
598,63
598,64
598,66
598,67
598,68
598,70
598,71
598,73
598,75
598,76
598,77
598,78
598,79
598,80
598,207
598,208
598,209
598,210
598,211
598,212
598,224
598,245
598,246
598,247
598,248
598,249
598,250
598,251
598,252
598,253
598,254
597,152
597,156
597,214
597,226
597,1068
597,1339
596,38
596,41
596,42
596,50
596,53
596,55
596,57
596,58
596,1322
596,1323
596,1324
596,1325
596,1326
595,786
595,787
595,793
595,794
595,795
595,823
595,824
595,825
595,851
595,852
595,857
595,881
595,882
595,1180
594,582
593,1319
593,1320
593,1321
592,264
592,265
592,266
592,282
592,283
592,291
592,292
592,297
592,298
592,304
592,305
592,315
592,316
591,499
591,500
591,501
591,503
591,504
591,506
591,508
591,510
591,511
591,517
591,518
591,520
591,1098
589,637
589,638
433,1493
381,1498
383,1498
387,1498
397,1498
556,1498
381,1495
408,1495
385,1502
580,1502
581,1502
381,1503
487,1503
573,1507
556,203
556,1041
556,1433
382,1534
382,1535
382,1536
